# ID	ACTION	PARAMETER	DESCRIPTION
10010	WARN	 	Cookie No HttpOnly Flag
10011	WARN	 	Cookie Without Secure Flag
10012	WARN	 	Password Autocomplete in Browser
10015	WARN	 	Incomplete or No Cache-control Header Set
10016	WARN	 	Web Browser XSS Protection Not Enabled
10017	WARN	 	Cross-Domain JavaScript Source File Inclusion
10019	WARN	 	Content-Type Header Missing
10020	WARN	 	Anti-clickjacking Header
10021	WARN	 	X-Content-Type-Options Header Missing
10023	WARN	 	Information Disclosure - Debug Error Messages
10024	WARN	 	Information Disclosure - Sensitive Information in URL
10025	WARN	 	Information Disclosure - Sensitive Information in HTTP Referrer Header
10027	WARN	 	Information Disclosure - Suspicious Comments
10028	WARN	 	Open Redirect
10029	WARN	 	Cookie Poisoning
10030	WARN	 	User Controllable Charset
10031	WARN	 	User Controllable HTML Element Attribute (Potential XSS)
10032	WARN	 	Viewstate
10035	WARN	 	Strict-Transport-Security Header
10036	WARN	 	HTTP Server Response Header
10037	WARN	 	Server Leaks Information via "X-Powered-By"
10038	WARN	 	Content Security Policy (CSP) Header Not Set
10040	WARN	 	Secure Pages Include Mixed Content
10041	WARN	 	HTTP to HTTPS Insecure Transition in Form Post
10042	WARN	 	HTTPS to HTTP Insecure Transition in Form Post
10043	WARN	 	User Controllable JavaScript Event Handler
10044	WARN	 	Big Redirect Detected (Possible Sensitive Information Leak)
10045	WARN	 	Source Code Disclosure - /WEB-INF folder
10048	WARN	 	Remote Code Execution - Shell Shock
10049	WARN	 	Non-Storable Content
10050	WARN	 	Retrieved from Cache
10051	WARN	 	Relative Path Confusion
10052	WARN	 	X-ChromeLogger-Data (XCOLD) Header Information Leak
10054	WARN	 	Cookie Without SameSite Attribute
10055	WARN	 	CSP Scanner
10056	WARN	 	X-Debug-Token Information Leak
10057	WARN	 	Username Hash Found
10061	WARN	 	X-AspNet-Version Response Header
10062	WARN	 	PII Disclosure
10063	WARN	 	Permissions Policy Header Not Set
10094	WARN	 	Base64 Disclosure
10095	WARN	 	Backup File Disclosure
10096	WARN	 	Timestamp Disclosure
10097	WARN	 	Hash Disclosure
10098	WARN	 	Cross-Domain Misconfiguration
10105	WARN	 	Weak Authentication Method
10106	WARN	 	HTTP Only Site
10107	WARN	 	Httpoxy - Proxy Header Misuse
10108	WARN	 	Reverse Tabnabbing
10109	WARN	 	Modern Web Application
10110	WARN	 	Dangerous JS Functions
10202	WARN	 	Absence of Anti-CSRF Tokens
20012	WARN	 	Anti-CSRF Tokens Scanner
20014	WARN	 	HTTP Parameter Pollution
20015	WARN	 	Heartbleed OpenSSL Vulnerability
20016	WARN	 	Cross-Domain Requests
20017	WARN	 	Source Code Disclosure - CVE-2012-1823
20018	WARN	 	Remote Code Execution - CVE-2012-1823
20019	WARN	 	External Redirect
30001	WARN	 	Buffer Overflow
30002	WARN	 	Format String Error
30003	WARN	 	Integer Overflow Error
40003	WARN	 	CRLF Injection
40008	WARN	 	Parameter Tampering
40009	WARN	 	Server Side Include
40012	WARN	 	Cross Site Scripting (Reflected)
40013	WARN	 	Session Fixation
40014	WARN	 	Cross Site Scripting (Persistent)
40016	WARN	 	Cross Site Scripting (Persistent) - Prime
40017	WARN	 	Cross Site Scripting (Persistent) - Spider
40018	WARN	 	SQL Injection
40019	WARN	 	SQL Injection - MySQL
40020	WARN	 	SQL Injection - Hypersonic SQL
40021	WARN	 	SQL Injection - Oracle
40022	WARN	 	SQL Injection - PostgreSQL
40023	WARN	 	Possible Username Enumeration
40024	WARN	 	SQL Injection - SQLite
40025	WARN	 	Proxy Disclosure
40026	WARN	 	Cross Site Scripting (DOM Based)
40027	WARN	 	SQL Injection - MsSQL
40028	WARN	 	ELMAH Information Leak
40029	WARN	 	Trace.axd Information Leak
40032	WARN	 	.htaccess Information Leak
40034	WARN	 	.env Information Leak
40035	WARN	 	Hidden File Finder
40036	WARN	 	HTTP PUT Method Is Enabled
40037	WARN	 	Path Traversal
40038	WARN	 	ReDoS
40039	WARN	 	Exponential Entity Expansion (Billion Laughs Attack)
40040	WARN	 	CORS Misconfiguration
40041	WARN	 	SQL Injection - Hypersonic SQL (Time Based)
40042	WARN	 	SQL Injection - MySQL (Time Based)
40043	WARN	 	Log4Shell
90001	WARN	 	Insecure JSF ViewState
90011	WARN	 	Charset Mismatch
90017	WARN	 	XSLT Injection
90018	WARN	 	SQL Injection Fingerprinting
90019	WARN	 	Server Side Code Injection
90020	WARN	 	Remote OS Command Injection
90021	WARN	 	XPath Injection
90022	WARN	 	Application Error Disclosure
90023	WARN	 	XML External Entity Attack
90024	WARN	 	Generic Padding Oracle
90025	WARN	 	Expression Language Injection
90026	WARN	 	SOAP Action Spoofing
90028	WARN	 	Insecure HTTP Method
90029	WARN	 	SOAP XML Injection
90030	WARN	 	WSDL File Detection
90033	WARN	 	Loosely Scoped Cookie
90034	WARN	 	Cloud Metadata Potentially Exposed